"class_f","race_m","proportion_race","mean_income","median_income"
"Capitalists","Black",2.24580160139558,68141.2333709132,38000
"Capitalists","White",5.27806881172563,125801.663568032,70000
"Professionals","Black",12.6106261603098,76039.0519410689,60000
"Professionals","White",23.5961684071771,111955.498009749,80000
"Reserve Army","Black",18.8883970511141,12818.6599288578,3300
"Reserve Army","White",11.8379950140507,22882.872632036,7800
"Working-Class","Black",66.2551751871805,41733.0511073254,33000
"Working-Class","White",59.2877677670466,62998.111045073,49000
